,precision,recall,f1-score,support
0,1.0,0.975,0.9873417721518988,40.0
1,0.975609756097561,1.0,0.9876543209876543,40.0
2,1.0,1.0,1.0,40.0
3,1.0,0.975,0.9873417721518988,40.0
4,1.0,0.9,0.9473684210526315,40.0
5,0.631578947368421,0.9,0.7422680412371134,40.0
6,0.9743589743589743,0.95,0.9620253164556962,40.0
7,0.8863636363636364,0.975,0.9285714285714286,40.0
8,1.0,0.975,0.9873417721518988,40.0
9,0.9523809523809523,1.0,0.975609756097561,40.0
10,0.9142857142857143,0.8,0.8533333333333334,40.0
11,0.9210526315789473,0.875,0.8974358974358975,40.0
12,0.9024390243902439,0.925,0.9135802469135802,40.0
13,0.9512195121951219,0.975,0.9629629629629629,40.0
14,0.8125,0.975,0.8863636363636364,40.0
15,0.8125,0.975,0.8863636363636364,40.0
16,0.8837209302325582,0.95,0.9156626506024096,40.0
17,0.9736842105263158,0.925,0.9487179487179487,40.0
18,1.0,0.875,0.9333333333333333,40.0
19,0.95,0.95,0.95,40.0
20,0.8837209302325582,0.95,0.9156626506024096,40.0
21,1.0,0.925,0.961038961038961,40.0
22,0.9428571428571428,0.825,0.88,40.0
23,1.0,0.875,0.9333333333333333,40.0
24,0.9047619047619048,0.95,0.926829268292683,40.0
25,0.75,0.9,0.8181818181818182,40.0
26,0.8,1.0,0.8888888888888888,40.0
27,0.8823529411764706,0.75,0.8108108108108109,40.0
28,1.0,0.8,0.8888888888888888,40.0
29,0.7954545454545454,0.875,0.8333333333333334,40.0
30,0.9523809523809523,1.0,0.975609756097561,40.0
31,0.8809523809523809,0.925,0.9024390243902439,40.0
32,0.9487179487179487,0.925,0.9367088607594937,40.0
33,0.8604651162790697,0.925,0.891566265060241,40.0
34,0.926829268292683,0.95,0.9382716049382716,40.0
35,0.8888888888888888,0.8,0.8421052631578947,40.0
36,0.9166666666666666,0.825,0.868421052631579,40.0
37,0.9655172413793104,0.7,0.8115942028985508,40.0
38,0.9302325581395349,1.0,0.963855421686747,40.0
39,0.95,0.95,0.95,40.0
40,0.75,0.975,0.8478260869565217,40.0
41,0.7916666666666666,0.95,0.8636363636363636,40.0
42,0.975,0.975,0.975,40.0
43,0.925,0.925,0.925,40.0
44,1.0,1.0,1.0,40.0
45,0.9487179487179487,0.925,0.9367088607594937,40.0
46,0.9743589743589743,0.95,0.9620253164556962,40.0
47,0.8780487804878049,0.9,0.8888888888888888,40.0
48,0.9333333333333333,0.7,0.8,40.0
49,0.95,0.95,0.95,40.0
50,1.0,0.9,0.9473684210526315,40.0
51,1.0,0.9,0.9473684210526315,40.0
52,0.9736842105263158,0.925,0.9487179487179487,40.0
53,0.7872340425531915,0.925,0.8505747126436781,40.0
54,0.8260869565217391,0.95,0.8837209302325582,40.0
55,0.9523809523809523,1.0,0.975609756097561,40.0
56,0.9705882352941176,0.825,0.8918918918918919,40.0
57,0.9487179487179487,0.925,0.9367088607594937,40.0
58,0.9444444444444444,0.85,0.8947368421052632,40.0
59,0.9047619047619048,0.95,0.926829268292683,40.0
60,0.975,0.975,0.975,40.0
61,0.9696969696969697,0.8,0.8767123287671232,40.0
62,0.7906976744186046,0.85,0.8192771084337349,40.0
63,0.9090909090909091,1.0,0.9523809523809523,40.0
64,0.8809523809523809,0.925,0.9024390243902439,40.0
65,0.85,0.85,0.85,40.0
66,0.9411764705882353,0.8,0.8648648648648649,40.0
67,0.8378378378378378,0.775,0.8051948051948052,40.0
68,0.8297872340425532,0.975,0.896551724137931,40.0
69,0.7948717948717948,0.775,0.7848101265822784,40.0
70,0.975609756097561,1.0,0.9876543209876543,40.0
71,1.0,1.0,1.0,40.0
72,1.0,0.775,0.8732394366197183,40.0
73,0.9736842105263158,0.925,0.9487179487179487,40.0
74,0.90625,0.725,0.8055555555555556,40.0
75,1.0,0.9,0.9473684210526315,40.0
76,0.8409090909090909,0.925,0.8809523809523809,40.0
accuracy,0.9103896103896104,0.9103896103896104,0.9103896103896104,0.9103896103896104
macro avg,0.9172867727760533,0.9103896103896103,0.9105733405202251,3080.0
weighted avg,0.9172867727760532,0.9103896103896104,0.9105733405202253,3080.0
