true_intent,predicted_intent,count
pending_transfer,balance_not_updated_after_bank_transfer,8
why_verify_identity,verify_my_identity,8
transfer_timing,balance_not_updated_after_bank_transfer,7
get_disposable_virtual_card,disposable_card_limits,6
declined_transfer,declined_card_payment,5
get_disposable_virtual_card,getting_virtual_card,5
verify_my_identity,unable_to_verify_identity,5
transfer_not_received_by_recipient,balance_not_updated_after_bank_transfer,5
card_arrival,card_delivery_estimate,4
Refund_not_showing_up,reverted_card_payment?,4
fiat_currency_support,exchange_via_app,4
virtual_card_not_working,getting_virtual_card,4
top_up_by_bank_transfer_charge,transfer_fee_charged,4
transfer_into_account,topping_up_by_card,4
why_verify_identity,unable_to_verify_identity,3
top_up_by_cash_or_cheque,topping_up_by_card,3
balance_not_updated_after_bank_transfer,transfer_timing,3
wrong_amount_of_cash_received,declined_cash_withdrawal,3
virtual_card_not_working,disposable_card_limits,3
top_up_reverted,top_up_failed,3
